day,week,week_theme,topic,concept,clarification,save_worthy_takeaway,publish_channels,infographic_type,research_query,sent,sent_at,published_date,published_at_ist,briefing_id,slug,has_infographic,website_url
1,1,What is DPDPA?,DPDPA in one sentence,DPDPA is India's law for digital personal data.,"If your business collects, stores, shares, or uses people's data in digital form, this law matters to you. That includes customer data, employee data, vendor data, and app-user data.",If data is digital and belongs to a person it is now a business responsibility not just a tech issue.,linkedin|email,stat,DPDPA India digital personal data protection act overview 2023,done,2026-03-26T00:23:54Z,2026-03-26,2026-03-26 05:53 IST,69c47c9600321246fde3,2026-03-26-are-you-breaking-this-new-law-without-knowing,yes,https://saralprivacy.com/briefings/2026-03-26-are-you-breaking-this-new-law-without-knowing
2,1,What is DPDPA?,Who should care?,DPDPA is not only for large enterprises.,"A 20-person company collecting resumes, customer phone numbers, or website leads is already handling personal data. Size does not magically erase responsibility.",If you collect digital data from people DPDPA is your issue too.,carousel,process,DPDPA applicability small business India SMB,done,2026-03-28T07:56:59Z,2026-03-27,2026-03-28 13:26 IST,69c789ca002e065d5b0e,2026-03-27-does-this-new-law-apply-to-your-small-business,no,https://saralprivacy.com/briefings/2026-03-27-does-this-new-law-apply-to-your-small-business
3,1,What is DPDPA?,Myth-buster: We are too small,Small businesses are not invisible.,"Smaller firms usually have weaker controls, fewer processes, and more informal data sharing. That makes them more exposed, not less.",Being small reduces headcount not risk.,whatsapp|post,stat,DPDPA small business risk India data protection,done,2026-03-28T08:08:39Z,2026-03-28,2026-03-28 13:38 IST,69c78c86001cfbf67b52,2026-03-28-small-business-this-law-still-applies-to-you,yes,https://saralprivacy.com/briefings/2026-03-28-small-business-this-law-still-applies-to-you
4,1,What is DPDPA?,What counts as personal data?,Personal data is any data that can identify a person directly or indirectly.,"Name, email, mobile number, employee ID, location, support ticket, login data, payment-linked info, and resumes can all count depending on context.",If a piece of data can point to a real human treat it with care.,email,stat,personal data definition DPDPA India examples,,,,,,,,
5,1,What is DPDPA?,Why now?,DPDPA readiness should start before someone asks for proof.,"Most SMBs wait until a customer questionnaire, a partner review, or a data issue forces action. That is late. Readiness is cheaper before pressure arrives.",The best time to prepare is before your inbox becomes a crime scene.,linkedin|email,timeline,DPDPA India compliance timeline readiness 2024 2025,,,,,,,,
6,1,What is DPDPA?,DPDPA in 60 seconds,Explain DPDPA in business language not legal language.,The video should answer four things: what it is who it affects where the risk sits and what the first step is.,Do not start with law. Start with where your data lives.,video,process,DPDPA explainer video business India,,,,,,,,
7,1,What is DPDPA?,Weekly recap poll,Make people locate the problem.,"Ask where most personal data sits: CRM, HR files, WhatsApp, spreadsheets, support tools. This turns theory into self-diagnosis.",You cannot protect what you cannot point to.,poll,stat,data storage locations SMB India CRM HR WhatsApp,,,,,,,,
8,2,Why SMBs should care,Trust is a business asset,Privacy readiness builds trust.,"Customers and partners may not read your policy line by line, but they notice when a business handles data carelessly. Trust leaks quietly, then all at once.",Data care is brand care.,founder_note,stat,data privacy trust brand reputation business India,,,,,,,,
9,2,Why SMBs should care,Customer data risks,Customer data leaks happen through normal business activity.,"Lead forms, CRM exports, support tickets, email attachments, spreadsheets, and shared folders are common weak points.",Risk usually hides inside routine not drama.,carousel,process,customer data leak risk India SMB lead form CRM,,,,,,,,
10,2,Why SMBs should care,Employee data risks,Employee data is just as sensitive as customer data.,"Resumes, salary files, attendance data, IDs, medical details, and background checks often sit in messy folders with weak access control.",Your people data deserves the same discipline as your customer data.,email,stat,employee data privacy India HR data risk,,,,,,,,
11,2,Why SMBs should care,Vendor risk,Your vendors can expand your risk.,"HRMS tools, CRMs, payroll vendors, agencies, cloud tools, and IT support partners may all touch personal data. If they are sloppy, your business still suffers.",Your data risk is only as strong as your weakest vendor.,linkedin,process,third party vendor data risk India DPDPA,,,,,,,,
12,2,Why SMBs should care,Mistake to avoid: collecting too much,Data minimisation is common sense.,"Many SMBs collect extra fields just in case. Most of that data is never used, but it increases storage, exposure, and confusion.",Every extra field you collect becomes one more thing you must protect.,whatsapp|post,stat,data minimisation India DPDPA business practice,,,,,,,,
13,2,Why SMBs should care,Mini case: the 40-person company,Complexity arrives faster than maturity.,"A 40-person business may already use 12–15 tools, multiple shared folders, several admins, and zero data map. Growth creates digital clutter before governance catches up.",A growing company becomes a data machine long before it feels big.,post,stat,SMB data complexity India 40 person company tools,,,,,,,,
14,2,Why SMBs should care,Weekly FAQ,Answer beginner questions clearly.,Cover: Is DPDPA only for big firms? Is a privacy policy enough? What should I do first? Keep each answer short and plain.,People save content that removes fear without hiding the truth.,pdf|email,checklist,DPDPA FAQ small business India common questions,,,,,,,,
15,3,Business implications,Procurement angle,Data handling affects deals.,Larger clients increasingly ask vendors how they manage customer and employee data. Bad answers can slow trust and weaken enterprise sales.,Privacy readiness can help you win business not just avoid trouble.,linkedin,stat,data privacy procurement vendor questionnaire India enterprise,,,,,,,,
16,3,Business implications,Reputation angle,Small brands recover slower from trust damage.,"A large company can absorb one bad week. A small company may lose referrals, goodwill, and credibility much faster.",Reputation is a small business's cheapest moat and easiest asset to damage.,email,stat,data breach reputation damage small business India,,,,,,,,
17,3,Business implications,Operations angle,Bad data handling creates internal inefficiency.,"Duplicate files, unclear ownership, over-sharing, and old records waste time and increase mistakes. Privacy discipline also improves operational clarity.",Good privacy practice is also good housekeeping.,carousel,process,data governance operations efficiency SMB India,,,,,,,,
18,3,Business implications,HR angle,HR is a privacy frontline.,"HR often handles the most personal and most sensitive data in the company, but many teams still manage it with email chains and shared folders.",HR is not just a people function. It is a data-risk function.,whatsapp|post,stat,HR data privacy India employee records risk,,,,,,,,
19,3,Business implications,Marketing angle,Marketing needs cleaner consent and communication habits.,"Lead forms, campaigns, mailing lists, remarketing, and third-party agencies all affect how data is collected and used.",Good marketing gets attention. Good data practice keeps trust.,email,process,marketing consent India DPDPA lead forms campaigns,,,,,,,,
20,3,Business implications,IT angle,Basic controls matter more than fancy tools.,"Start with access control, deletion, backups, admin review, and a simple incident response path. Most SMBs do not need a spaceship. They need seatbelts.",Simple controls beat complicated excuses.,post,checklist,IT data controls India SMB access control deletion backup,,,,,,,,
21,3,Business implications,Live AMA invite,Turn passive interest into active questions.,"Invite founders, HR, ops, IT, and marketers to ask plain-English DPDPA questions. This gives you objections, confusion points, and future content fuel.",The questions people ask tell you where the real fear lives.,invite_post|email,stat,DPDPA questions SMB India AMA webinar,,,,,,,,
22,4,Where to start,Start with a data inventory,List where personal data exists.,"Systems, folders, spreadsheets, emails, tools, and vendors should all be listed. This is the foundation of everything else.",A data inventory is the map before the journey.,checklist|pdf,checklist,data inventory India SMB template how to start,,,,,,,,
23,4,Where to start,Assign ownership,Somebody must own the process.,"In SMBs, ownership can sit with ops, IT, legal, founder office, or a cross-functional lead. Shared ownership often means no ownership.",When everyone owns it no one fixes it.,linkedin,process,data privacy ownership responsibility SMB India,,,,,,,,
24,4,Where to start,Fix high-risk flows first,Prioritise obvious weak spots.,"Website forms, HR folders, marketing exports, vendor sharing, and support attachments are often the highest-risk data flows.",Do not start everywhere. Start where the leak is biggest.,carousel,process,high risk data flows India SMB website forms HR marketing,,,,,,,,
25,4,Where to start,Don't boil the ocean,Focus on the top 5 data processes first.,"Founders get stuck when the task feels huge. Narrow the work to the processes that matter most: hiring, payroll, lead capture, customer support, and vendor sharing.",Progress comes from sequence not panic.,email,checklist,DPDPA first steps India SMB priority data processes,,,,,,,,
26,4,Where to start,Webinar day,Give a starter roadmap.,Explain what an SMB should do in the first 30 days who should own what and what good enough to begin looks like.,The first milestone is clarity not perfection.,webinar,timeline,DPDPA 30 day action plan India SMB starter roadmap,,,,,,,,
27,4,Where to start,5-step readiness summary,Keep it memorable.,"Five steps: map data, minimise collection, control access, review vendors, define retention.",Map. Minimise. Control. Review. Retain. Simple beats fancy.,whatsapp|post,checklist,DPDPA 5 step readiness India SMB summary,,,,,,,,
28,4,Where to start,Poll: what is hardest?,Let the market tell you the bottleneck.,"Options: legal clarity, data mapping, tools, ownership, budget. This will shape the next month's content.",The smartest content calendar listens before it lectures.,poll,stat,DPDPA challenges India SMB survey,,,,,,,,
29,4,Where to start,Monthly recap,Summarise month 1 cleanly.,"Cover the big lessons: what DPDPA is, who it affects, where risk sits, and where to start. Add links to the most useful assets.",Recaps are where trust compounds.,email,timeline,DPDPA awareness summary India data protection basics,,,,,,,,
30,4,Where to start,Strong CTA,Move from awareness to self-assessment.,Offer a free SMB DPDPA readiness checklist and position it as the easiest starting point.,Awareness without action is just polite entertainment.,landing_page|linkedin,stat,DPDPA readiness checklist India SMB free tool,,,,,,,,
31,5,How DPDPA affects each function,Founder lens,DPDPA is a leadership issue.,Founders set the tone for how seriously data is treated. If leadership is casual the whole company becomes casual.,Culture follows the founder's tolerance for mess.,founder_brief,stat,DPDPA leadership responsibility founder India data culture,,,,,,,,
32,5,How DPDPA affects each function,HR lens,HR handles high-trust data every day.,"Resume banks, employee records, payroll, medical information, and disciplinary records all require disciplined handling.",HR data is private by default not by exception.,hr_explainer,checklist,HR employee data privacy India DPDPA obligations,,,,,,,,
33,5,How DPDPA affects each function,Marketing lens,Data collection starts at the form.,"Audit forms, campaign tools, mailing lists, agencies, and analytics tools. Ask: why are we collecting each field?",The form is where data discipline begins.,marketing_note,process,marketing data collection India DPDPA forms consent,,,,,,,,
34,5,How DPDPA affects each function,Sales lens,CRM hygiene is privacy hygiene.,"Old leads, duplicate records, random exports, and shared credentials create risk and confusion.",A dirty CRM is both a sales problem and a privacy problem.,sales_brief,stat,CRM data hygiene India sales privacy DPDPA,,,,,,,,
35,5,How DPDPA affects each function,IT lens,IT controls turn policy into reality.,"Focus on access logs, deletion, backups, admin control, and system-level visibility.",Policy without controls is wallpaper.,it_checklist,checklist,IT security controls India data protection access management,,,,,,,,
36,5,How DPDPA affects each function,Ops lens,Operations teams often move data across the business.,"Shared folders, approvals, vendor handoffs, finance coordination, and service operations make ops the hidden highway of data movement.",Ops is where data travels so ops is where discipline must show up.,ops_post,process,operations data movement India SMB shared folders vendors,,,,,,,,
37,5,How DPDPA affects each function,Function-wise cheat sheet,Different teams need different messages.,"Summarise founder, HR, marketing, sales, IT, and ops responsibilities on one page.",Clarity rises when each team knows its lane.,pdf,checklist,DPDPA responsibility by function India business teams,,,,,,,,
38,6,What readiness looks like,Data inventory explained,"A data inventory lists data type, location, owner, use, and vendor exposure.",It is not a legal document. It is a working map.,You cannot govern a ghost.,explainer_post,process,data inventory mapping India DPDPA how to guide,,,,,,,,
39,6,What readiness looks like,Privacy notice basics,Tell people what you collect and why.,"A privacy notice should be readable, specific, and aligned with real practice. Do not publish fairy tales.",Your privacy notice should describe reality not aspiration.,email,checklist,privacy notice India DPDPA plain language template,,,,,,,,
40,6,What readiness looks like,Consent basics,Ask clearly not cleverly.,"Consent language should be understandable, specific, and tied to actual use. No tiny traps. No vague mush.",If a normal person cannot understand it it is not good communication.,carousel,process,consent mechanism India DPDPA valid consent requirements,,,,,,,,
41,6,What readiness looks like,Vendor review basics,Know who touches your data.,"Make a list of third parties, what data they handle, why they need it, and whether the access is justified.",Vendors are part of your system not outside it.,post,checklist,vendor data review India DPDPA third party assessment,,,,,,,,
42,6,What readiness looks like,Retention basics,Do not keep data forever.,If data is no longer needed define when and how it is deleted or archived properly.,Old data is like old wiring: forgotten until it sparks.,email,timeline,data retention policy India DPDPA storage limitation,,,,,,,,
43,6,What readiness looks like,Incident response basics,Every business needs a what-happens-if plan.,"Define who notices, who escalates, who investigates, and who communicates. Without this, panic runs the show.",In a data incident confusion becomes the second breach.,post,process,data breach incident response India SMB DPDPA,,,,,,,,
44,6,What readiness looks like,6 building blocks infographic,Readiness has six simple blocks.,"Inventory, notice, consent, access, retention, incident response. Keep it visual and saveable.",People save frameworks when they can see the full picture at once.,infographic,process,DPDPA readiness framework 6 steps India SMB,,,,,,,,
45,7,Mistakes SMBs make,Too much data collection,Collect only what you need.,Remove fields that are nice-to-know but not needed for the service or process.,Less data collected means less data to defend.,brief|post,stat,data minimisation India DPDPA over-collection mistakes,,,,,,,,
46,7,Mistakes SMBs make,No ownership,No owner means no momentum.,Assign one accountable person and a small cross-functional group.,Responsibility needs a name not a slogan.,post,process,data privacy ownership accountability India SMB,,,,,,,,
47,7,Mistakes SMBs make,Shared credentials,Shared logins create blind spots.,If many people use the same account you cannot know who did what.,Shared credentials are the privacy version of everyone using the same house key.,security_note,stat,shared login credentials security risk India data protection,,,,,,,,
48,7,Mistakes SMBs make,Data in WhatsApp and spreadsheets,Informal tools create formal risk.,Personal data often sits in chats exports and desktop sheets long after its original purpose is over.,Convenience is where governance goes to die.,carousel,process,WhatsApp spreadsheet personal data risk India informal tools,,,,,,,,
49,7,Mistakes SMBs make,No deletion habit,Many SMBs keep everything forever.,"Old resumes, past leads, exited employee records, and outdated spreadsheets are often kept without review.",If you never delete your risk only grows older not smaller.,email,stat,data deletion habit India SMB retention DPDPA,,,,,,,,
50,7,Mistakes SMBs make,No vendor review,Tools get added faster than they get reviewed.,"Agencies, consultants, software tools, and external support teams often receive data access by convenience.",Every new tool is a new door. Check who has the keys.,post,process,vendor review data access India SaaS tools SMB,,,,,,,,
51,7,Mistakes SMBs make,Top 10 mistakes recap,Bundle the lessons into one saveable asset.,Make it easy to share internally with founders IT HR and ops.,Save-worthy content becomes internal training without asking permission.,pdf,checklist,top data privacy mistakes India SMB DPDPA common errors,,,,,,,,
52,8,30-day SMB action plan,Create a data map,"Map data source, owner, tool, and purpose.",Start with core processes not every corner.,A rough map now is better than a perfect map never.,worksheet,checklist,data mapping template India SMB DPDPA inventory,,,,,,,,
53,8,30-day SMB action plan,Identify top 3 risky processes,Rank your biggest exposures.,"Examples: hiring data, marketing lead flow, CRM exports, support logs.",Risk prioritisation turns a mountain into a to-do list.,post,process,high risk data processes India SMB DPDPA hiring marketing CRM,,,,,,,,
54,8,30-day SMB action plan,Clean old data dumps,Remove stale duplicate and useless files.,"Focus on old lead lists, outdated resumes, exported reports, and forgotten shared folders.",Digital clutter is silent risk with excellent storage discipline.,email,stat,data cleanup India SMB old files deletion DPDPA,,,,,,,,
55,8,30-day SMB action plan,Tighten access,Not everyone needs access to everything.,"Review admins, shared folders, email permissions, CRM roles, and HR folders.",Access should follow job need not curiosity.,checklist,checklist,access control review India SMB DPDPA permissions,,,,,,,,
56,8,30-day SMB action plan,Review privacy notice and forms,Match public words with actual practice.,Check if your forms and privacy statements clearly explain what is collected and why.,If your form and your policy disagree trust loses.,guide,checklist,privacy notice review India DPDPA form audit,,,,,,,,
57,8,30-day SMB action plan,Create breach contacts,Know who is called first.,"Define an internal contact path: ops, IT, founder, legal/compliance, communications if needed.",Speed starts with names not intentions.,whatsapp|post,process,data breach contact plan India SMB incident response,,,,,,,,
58,8,30-day SMB action plan,30-day action board,Turn advice into action items.,"Include owner, task, deadline, and status. Keep it brutally simple.",A checklist becomes real only when it has owners and dates.,worksheet,checklist,30 day DPDPA action plan India SMB template,,,,,,,,
59,8,30-day SMB action plan,Assessment launch,Let SMBs score themselves.,Use 10–15 plain questions across data mapping ownership access retention vendors and notices.,People engage deeper when they can see where they stand.,self_assessment,checklist,DPDPA self assessment tool India SMB readiness score,,,,,,,,
60,8,30-day SMB action plan,Awareness to action webinar invite,The next step is guided action.,Invite users to move from understanding to fixing.,Education earns attention. Action earns value.,email|invite,process,DPDPA webinar India SMB compliance action steps,,,,,,,,
61,9,Act now,Announce readiness sprint,Give a 30-day sprint structure.,Position it as a practical business cleanup not a giant legal project.,People act faster when the path feels finite.,launch_note,timeline,DPDPA 30 day sprint India SMB readiness programme,,,,,,,,
62,9,Act now,Share sample action plan,Show what good first month looks like.,"Include data inventory, access review, vendor list, notice update, retention checklist.",Examples reduce hesitation faster than advice.,sample_board,checklist,DPDPA sample action plan India SMB first month,,,,,,,,
63,9,Act now,Founder checklist,Founders need 7–10 key actions.,"Assign owner, approve priorities, review vendor exposure, set reporting rhythm.",Leadership attention is the cheapest accelerator.,checklist,checklist,founder DPDPA checklist India data privacy action,,,,,,,,
64,9,Act now,HR checklist,HR needs clean handling of employee data.,"Review files, access, retention, recruitment forms, and external sharing.",The employee lifecycle is a data lifecycle too.,checklist,checklist,HR DPDPA checklist India employee data compliance,,,,,,,,
65,9,Act now,Marketing checklist,Marketing needs leaner data practice.,"Review forms, consent language, agencies, lists, exports, and campaign tools.",Smarter data collection creates cleaner growth.,checklist,checklist,marketing DPDPA checklist India consent forms campaigns,,,,,,,,
66,9,Act now,IT checklist,IT makes privacy executable.,"Audit admin access, logs, folder rights, device hygiene, and deletion capability.",Controls are where good intentions become reality.,checklist,checklist,IT DPDPA checklist India access control security audit,,,,,,,,
67,9,Act now,Weekly Q&A summary,Capture objections and answers.,Answer the most repeated questions from webinars chats and polls.,A good summary becomes reusable training content.,summary_note,stat,DPDPA FAQ India SMB common questions objections,,,,,,,,
68,10,Make it practical,Data inventory sheet,Give fields not theory.,"Include data type, system, owner, purpose, access, retention, vendor.",Templates save time because they remove starting friction.,template,checklist,data inventory template India DPDPA fields guide,,,,,,,,
69,10,Make it practical,Vendor review sheet,Standardise vendor checks.,"Ask what data the vendor touches, why they need it, where it is stored, and who approves access.",A vendor sheet turns hand-waving into evidence.,template,checklist,vendor review template India DPDPA third party assessment,,,,,,,,
70,10,Make it practical,Retention tracker,Decide how long data stays.,"Track data category, business need, retention period, owner, deletion method.",Retention discipline prevents digital hoarding.,template,timeline,data retention tracker India DPDPA deletion schedule,,,,,,,,
71,10,Make it practical,Incident contact tree,Build response muscle before trouble arrives.,"List names, roles, mobile numbers, escalation sequence, and backup contacts.",A contact tree is small effort with huge payoff under stress.,template,process,incident response contact tree India data breach plan,,,,,,,,
72,10,Make it practical,Privacy notice starter,Help SMBs say the basics clearly.,Keep it readable and aligned with actual forms and systems.,Plain language creates more trust than legal furniture.,draft_template,checklist,privacy notice template India DPDPA plain language,,,,,,,,
73,10,Make it practical,Internal ownership matrix,Define who does what.,"Split accountability across founder, HR, IT, ops, marketing, and external advisors.",A matrix kills the classic line: I thought someone else was doing it.,template,process,DPDPA ownership matrix India data privacy responsibility,,,,,,,,
74,10,Make it practical,45-minute readiness workshop guide,Make internal action easy.,"Agenda: systems list, risky flows, top gaps, owners, next 30-day plan.",One focused workshop can replace three months of vague concern.,weekend_guide,process,DPDPA workshop guide India SMB internal training agenda,,,,,,,,
75,11,Industry use cases,D2C and ecommerce,Customer data flows everywhere in ecommerce.,"Orders, returns, support, marketing, payment-linked interactions, loyalty programs.",Every order creates a data trail not just a revenue line.,industry_brief,stat,D2C ecommerce data privacy India DPDPA customer data,,,,,,,,
76,11,Industry use cases,SaaS and startup,SaaS firms process user and employee data at scale.,"Accounts, support logs, product analytics, test databases, integrations, admin tools.",Fast software growth can outgrow data discipline overnight.,industry_brief,stat,SaaS startup data privacy India DPDPA user data,,,,,,,,
77,11,Industry use cases,HR and staffing,Staffing firms are data-heavy by design.,"Candidate resumes, placements, payroll inputs, background records, client sharing.",Recruitment data multiplies quickly and lingers dangerously.,industry_brief,stat,HR staffing firm data privacy India DPDPA candidate data,,,,,,,,
78,11,Industry use cases,Healthcare and clinics,Health-linked data requires extra care in practice.,"Appointments, patient records, billing, diagnostics, internal communication.",In healthcare trust is part of the service itself.,industry_brief,stat,healthcare clinic patient data privacy India DPDPA,,,,,,,,
79,11,Industry use cases,Education,Education holds student and parent data across many systems.,"Admissions, fees, communication, academic records, attendance, platforms.",Education data stays valuable long after the form is filled.,industry_brief,stat,education student data privacy India DPDPA schools edtech,,,,,,,,
80,11,Industry use cases,Hospitality and retail,Retail and hospitality hold more personal data than they think.,"Bookings, loyalty records, feedback forms, invoices, service logs.",Customer experience and customer data are often stored side by side.,industry_brief,stat,hospitality retail customer data privacy India DPDPA,,,,,,,,
81,11,Industry use cases,Sector recap PDF,Make industry-specific learning easy to save and share.,One page per sector with key risks typical data types first fixes.,People save content that looks like it was written for their world.,pdf_bundle,checklist,DPDPA sector guide India SMB industry specific compliance,,,,,,,,
82,12,Convert awareness into commitment,Benchmark insights,Show what the campaign learned.,"Common findings: no inventory, unclear ownership, excess data, weak vendor review, broad access.",Benchmarking helps people see they are not alone but also not off the hook.,insight_note,stat,DPDPA compliance benchmark India SMB survey findings,,,,,,,,
83,12,Convert awareness into commitment,Common objections and blunt answers,Remove excuses.,We are too small. We already have a policy. We do not have budget. We will do it later. Answer each simply and directly.,Excuses shrink when the truth is short and specific.,post,stat,DPDPA objections India SMB common excuses responses,,,,,,,,
84,12,Convert awareness into commitment,What to fix in the next 7 days,Give an immediate starter pack.,"List systems, assign owner, remove broad access, identify top risky flows.",A week is enough to start not enough to hide.,quick_action_list,checklist,DPDPA 7 day quick fix India SMB immediate actions,,,,,,,,
85,12,Convert awareness into commitment,What to fix in the next 30 days,Expand to structured readiness.,"Complete inventory, review forms, draft retention rules, create contact tree, review vendors.",Thirty days can create order where there was only anxiety.,checklist,checklist,DPDPA 30 day action India SMB structured compliance,,,,,,,,
86,12,Convert awareness into commitment,What to fix in the next 90 days,Build a basic privacy operating model.,"Monthly reviews, policy alignment, team training, recurring vendor checks, deletion rhythm.",The goal is not a one-time cleanup. It is a repeatable habit.,strategic_roadmap,timeline,DPDPA 90 day roadmap India SMB privacy operating model,,,,,,,,
87,12,Convert awareness into commitment,Consultation and diagnostic offer,Help serious SMBs move faster.,Position as diagnostic support not fear-selling. Include scope outcomes and sample deliverables.,The best offer is clarity with a deadline.,offer_page|post,stat,DPDPA consulting India SMB diagnostic assessment service,,,,,,,,
88,12,Convert awareness into commitment,Partner and community amplification,Expand reach through communities advisors and ecosystem partners.,Give them ready-made posts PDFs and short webinar blurbs.,A strong message scales faster when others can carry it cleanly.,partner_toolkit,process,DPDPA community partner India SMB amplification,,,,,,,,
89,12,Convert awareness into commitment,Executive recap,Distill the whole campaign.,"Cover what DPDPA means, where SMB risk sits, what has to be done next, and why delay is costly.",A founder letter works when it sounds like responsibility not marketing.,founder_letter,stat,DPDPA executive summary India SMB compliance urgency,,,,,,,,
90,12,Convert awareness into commitment,Campaign close and next step,End with momentum not applause.,"Invite users to book a diagnostic, download the toolkit, or join the next community session.",A campaign succeeds when the audience leaves with a next move.,final_post|landing_page,timeline,DPDPA next steps India SMB action community,,,,,,,,
