day,week,week_theme,topic,concept,clarification,save_worthy_takeaway,publish_channels,infographic_type,research_query,plan_published_date,stage,sector,content_type
91,13,Industry data reality,CA Firms: what personal data sits inside a CA firm,CA firms handle dense client and employee personal data.,"PAN, Aadhaar, bank statements, ITR files, payroll data, employee records, family details, contact details, and supporting documents often sit across folders, emails, practice tools, and WhatsApp.",A CA firm is not just a finance business. It is a personal data warehouse.,linkedin|email,stat,CA firm personal data India PAN Aadhaar payroll ITR client records,23-Jun-26,assess,ca-firms,stat
92,13,Industry data reality,CA Firms: where a CA firm collects personal data,Personal data enters at many points before work even begins.,"Client onboarding forms, tax documents, payroll inputs, audit requests, advisory questionnaires, and email attachments create data inflow from day one.",Data collection starts before service delivery starts.,carousel,process,CA firm client onboarding data collection India tax payroll audit,24-Jun-26,assess,ca-firms,explainer
93,13,Industry data reality,CA Firms: who touches client and employee data in a CA firm,Too many hands often touch the same records.,"Partners, article assistants, payroll staff, admins, IT support, cloud vendors, and external consultants may all access parts of the same personal data set.",The more people who touch the file the more discipline the file needs.,post,process,CA firm data access article assistants payroll admins cloud vendors India,25-Jun-26,assess,ca-firms,explainer
94,13,Industry data reality,CA Firms: DPDPA touchpoints in tax payroll audit and advisory workflows,DPDPA touches routine firm operations not just policy documents.,"Client notices, secure handling, limited sharing, grievance contact, correction requests, retention review, and deletion discipline can all arise during normal delivery.",Most privacy risk in a CA firm hides inside normal work.,email,checklist,CA firm DPDPA workflow tax payroll audit advisory India,26-Jun-26,assess,ca-firms,checklist
95,13,Industry data reality,CA Firms: first data-discipline fixes for CA firms,Start with control not perfection.,"Restrict folder access, separate client and HR data, stop open-ended sharing, create a vendor list, define retention for old files, and name one owner.",A better file structure is often the first compliance step.,checklist|pdf,checklist,CA firm data privacy first fixes India access retention vendor list,27-Jun-26,assess,ca-firms,checklist
96,14,Industry data reality,Recruitment firms: what personal data sits inside a staffing firm,Staffing firms are built on personal data movement.,"Resumes, phone numbers, emails, salaries, notice periods, background verification details, interview notes, ID proofs, payroll inputs, and client feedback all sit inside the workflow.",A staffing firm runs on candidate data the way a factory runs on raw material.,linkedin|email,stat,recruitment staffing firm personal data India resumes BGV payroll,28-Jun-26,assess,recruitment,stat
97,14,Industry data reality,Recruitment firms: where candidate and client data enters the workflow,Data enters from many sources not one.,"Job portals, referral forms, career pages, recruiter calls, client mandates, email CVs, WhatsApp messages, interview forms, and onboarding documents all create intake points.",The first privacy problem is usually too many intake points.,carousel,process,recruitment data collection sources India portals referrals WhatsApp client mandates,29-Jun-26,assess,recruitment,explainer
98,14,Industry data reality,Recruitment firms: who touches resumes BGV data and placement records,Candidate data travels fast across teams and clients.,"Recruiters, account managers, BGV vendors, payroll teams, clients, coordinators, and staffing software tools may all access or copy records.",Every forwarded resume creates a new data control problem.,post,process,recruitment firm data access recruiters clients BGV vendors India,30-Jun-26,assess,recruitment,explainer
99,14,Industry data reality,Recruitment firms: DPDPA touchpoints in sourcing sharing and retention,Recruitment workflows create repeated privacy touchpoints.,"Consent language, candidate communication, client sharing, rejected profile retention, database reuse, grievance handling, and deletion expectations all become relevant.",Just because a resume was sent once does not mean it can be reused forever.,email,checklist,recruitment staffing DPDPA sourcing sharing retention India candidate data,1-Jul-26,assess,recruitment,checklist
100,14,Industry data reality,Recruitment firms: first data-discipline fixes for staffing firms,Fix reuse and oversharing first.,"Track where candidate data came from, control client forwarding, review retention of rejected candidates, restrict old database access, and document vendor use.",Recruitment discipline begins with knowing who got the CV and why.,checklist|pdf,checklist,staffing firm privacy first fixes India candidate database client sharing,2-Jul-26,assess,recruitment,checklist
101,15,Industry data reality,Training institutes: what student parent and staff data is handled,"Education businesses hold data on students and families, not just learners.","Admissions records, parent contacts, fee data, attendance, test scores, app logins, photographs, WhatsApp group details, and staff HR records all create a layered data footprint.",A training institute holds family data not just student data.,linkedin|email,stat,training institute student parent staff personal data India admissions attendance fees,3-Jul-26,assess,training-institutes,stat
102,15,Industry data reality,Training institutes: where admissions fee attendance and WhatsApp data enters,Data enters through every stage of the learning journey.,"Enquiry forms, admission forms, payment records, attendance systems, student apps, test portals, WhatsApp groups, and feedback forms all create personal data flows.",One student journey can create data in ten different places.,carousel,process,coaching centre data collection India admission fee attendance WhatsApp LMS,4-Jul-26,assess,training-institutes,explainer
103,15,Industry data reality,Training institutes: who touches student and parent data,Academic and admin teams both touch sensitive records.,"Counsellors, admins, teachers, finance teams, app vendors, coordinators, photographers, and marketing teams may all see different pieces of the same student record.",When many teams touch the same child or parent record chaos becomes risk.,post,process,training institute data access teachers admins vendors parents India,5-Jul-26,assess,training-institutes,explainer
104,15,Industry data reality,Training institutes: DPDPA touchpoints in admissions communication and records,Education workflows need careful handling of notices and access.,"Admission forms, consent-style messaging, parent communication, grievance contact, correction requests, retention of inactive students, and vendor access all create touchpoints.",In education the record often outlives the classroom.,email,checklist,education training institute DPDPA admissions communication records India,6-Jul-26,assess,training-institutes,checklist
105,15,Industry data reality,Training institutes: first data-discipline fixes for training businesses,Start with visibility and access control.,"Map systems, restrict photo and student-file access, separate marketing lists from student records, review parent communication channels, and clean old inactive data.",Do not let the class WhatsApp group become the unofficial student database.,checklist|pdf,checklist,training institute privacy first fixes India student records WhatsApp access,7-Jul-26,assess,training-institutes,checklist
106,16,Industry data reality,D2C brands: what customer and support data sits inside a D2C business,D2C brands collect personal data at almost every revenue touchpoint.,"Customer name, phone, email, shipping address, order history, payment-linked details, support chats, loyalty data, campaign engagement, and returns information all pile up quickly.",Every order is also a data event.,linkedin|email,stat,D2C ecommerce customer data India orders returns loyalty support,8-Jul-26,assess,d2c-brands,stat
107,16,Industry data reality,D2C brands: where website checkout support and marketing data enters,Data enters from browsing to post-sale support.,"Website forms, checkout pages, payment tools, CRM systems, WhatsApp support, email campaigns, ad platforms, and return forms all create separate data streams.",Growth tools collect data faster than founders realise.,carousel,process,D2C ecommerce data collection website checkout support CRM ads India,9-Jul-26,assess,d2c-brands,explainer
108,16,Industry data reality,D2C brands: who touches orders returns and campaign data,Commerce data is shared across many tools and teams.,"Founders, customer support, warehouse teams, agencies, CRM vendors, analytics tools, logistics partners, and finance teams may all access customer-linked information.",The customer record is usually spread across tools not stored in one place.,post,process,ecommerce customer data access support warehouse agency logistics India,10-Jul-26,assess,d2c-brands,explainer
109,16,Industry data reality,D2C brands: DPDPA touchpoints in lead capture campaigns and order support,D2C privacy issues are often marketing and support issues in disguise.,"Lead forms, campaign consent, customer communication, support exports, abandoned cart flows, returns handling, and retention of inactive users all create touchpoints.",Bad campaign hygiene can become a privacy problem long before it becomes a legal problem.,email,checklist,D2C DPDPA lead capture campaign consent support India ecommerce,11-Jul-26,assess,d2c-brands,checklist
110,16,Industry data reality,D2C brands: first data-discipline fixes for D2C brands,Fix forms lists and access first.,"Remove extra fields, review agency access, tighten CRM roles, document logistics sharing, separate marketing and transactional flows, and clean old campaign lists.",The fastest privacy win in D2C is often deleting useless data.,checklist|pdf,checklist,D2C privacy first fixes India CRM agency access marketing lists,12-Jul-26,assess,d2c-brands,checklist
111,17,Industry data reality,Clinics and labs: what patient and billing data sits inside a clinic or lab,Clinics and labs hold some of the most trust-sensitive records in SMB India.,"Patient names, contact details, appointments, test requests, reports, prescriptions, billing records, payment details, and internal notes may exist across software and messaging tools.",In healthcare the record is part of the service itself.,linkedin|email,stat,clinic diagnostic lab patient personal data India reports billing appointments,13-Jul-26,assess,clinics-labs,stat
112,17,Industry data reality,Clinics and labs: where reports diagnostics bookings and payments create data,"Data enters before, during, and after treatment or testing.","Booking calls, registration desks, lab forms, doctor consultations, report delivery, billing systems, and WhatsApp or SMS communication all create patient data flows.",A patient journey creates data at every step not just at registration.,carousel,process,clinic lab data collection India appointment report billing WhatsApp,14-Jul-26,assess,clinics-labs,explainer
113,17,Industry data reality,Clinics and labs: who touches patient data internally and externally,Healthcare data is often seen by more people than patients assume.,"Reception, doctors, lab technicians, billing staff, software vendors, report-sharing staff, collection partners, and IT support teams may all touch parts of the record.",A patient report should not travel like a normal office attachment.,post,process,clinic lab patient data access doctor billing technician vendor India,15-Jul-26,assess,clinics-labs,explainer
114,17,Industry data reality,Clinics and labs: DPDPA touchpoints in patient communication and record handling,Patient communication creates privacy duties in practice.,"Notice, access control, report delivery, correction requests, grievance handling, vendor exposure, retention review, and incident response all matter in routine healthcare workflows.",In clinics privacy risk often enters through convenience channels.,email,checklist,clinic diagnostic lab DPDPA patient communication record handling India,16-Jul-26,assess,clinics-labs,checklist
115,17,Industry data reality,Clinics and labs: first data-discipline fixes for clinics and labs,Control report sharing and access first.,"Review who can send reports, reduce open folder access, document vendor tools, define retention for old records, and create a visible contact for patient concerns.",The first healthcare privacy fix is often who can send what to whom.,checklist|pdf,checklist,clinic lab privacy first fixes India report sharing retention access,17-Jul-26,assess,clinics-labs,checklist
116,18,Industry data reality,Schools and colleges: what student parent teacher and admin data is held,Education institutions hold long-life records across many stakeholders.,"Admissions data, student profiles, parent contacts, attendance, fee records, academic performance, transport details, app data, photos, and staff records all add up.",A school record often follows a child for years.,linkedin|email,stat,school college student parent teacher personal data India admissions attendance,18-Jul-26,assess,schools-colleges,stat
117,18,Industry data reality,Schools and colleges: where admissions attendance fee and app data enters,Data enters through academic and admin systems together.,"Admission forms, ERP systems, parent apps, attendance tools, transport lists, exam systems, fee portals, and communication channels all create parallel data flows.",A school has more data systems than most parents imagine.,carousel,process,school college data collection India ERP attendance fee app transport,19-Jul-26,assess,schools-colleges,explainer
118,18,Industry data reality,Schools and colleges: who touches school and college personal data,Student data is shared across roles not departments alone.,"Admissions staff, teachers, admins, finance, transport coordinators, app vendors, counsellors, and external service providers may all access parts of the same student record.",When a student record crosses too many desks it starts losing control.,post,process,school college data access teachers admin finance vendors India,20-Jul-26,assess,schools-colleges,explainer
119,18,Industry data reality,Schools and colleges: DPDPA touchpoints in student lifecycle workflows,Every stage of the student journey creates a privacy touchpoint.,"Admission, communication, academic records, correction requests, grievance contact, parental communication, vendor access, and retention of former student records all matter.",In education data discipline must survive beyond the academic year.,email,checklist,school college DPDPA student lifecycle records communication India,21-Jul-26,assess,schools-colleges,checklist
120,18,Industry data reality,Schools and colleges: first data-discipline fixes for schools and colleges,Start with system mapping and role-based access.,"Map apps and vendors, separate academic and marketing data, review parent communication channels, restrict broad downloads, and define how old student records are reviewed.",Do not let convenience become the school’s data policy.,checklist|pdf,checklist,school college privacy first fixes India role access vendors student records,22-Jul-26,assess,schools-colleges,checklist
121,19,Industry data reality,Law firms: what client and matter-linked personal data is handled,Legal practice holds deeply contextual personal data.,"Client identity records, case papers, evidence, witness details, contracts, employee records, billing data, and communication trails often sit across matter folders and emails.",A law firm handles more than documents. It handles lives inside documents.,linkedin|email,stat,law firm legal consultant personal data India client files evidence billing,23-Jul-26,assess,law-firms,stat
122,19,Industry data reality,Law firms: where legal onboarding matter work and document exchange creates data,Personal data enters throughout the life of the matter.,"KYC, engagement letters, pleadings, annexures, evidence files, advice emails, billing records, and court-related coordination all add to the file trail.",In legal work the file keeps growing long after onboarding.,carousel,process,law firm data collection India onboarding evidence pleadings emails billing,24-Jul-26,assess,law-firms,explainer
123,19,Industry data reality,Law firms: who touches client files evidence and support records,Client data often spreads wider than the client expects.,"Partners, associates, interns, clerks, litigation support staff, e-discovery tools, external counsel, and admin teams may all access matter-linked records.",The privilege of the profession does not remove the burden of discipline.,post,process,law firm data access associates interns external counsel India,25-Jul-26,assess,law-firms,explainer
124,19,Industry data reality,Law firms: DPDPA touchpoints in legal practice workflows,Legal workflows still need structured privacy discipline.,"Notice touchpoints, secure sharing, correction handling, grievance contact, vendor access, retention review, and incident response all appear inside normal matter management.",Legal sensitivity makes weak file practice more dangerous not less.,email,checklist,law firm DPDPA workflow India matter management client communication,26-Jul-26,assess,law-firms,checklist
125,19,Industry data reality,Law firms: first data-discipline fixes for law firms,Fix matter access and uncontrolled sharing first.,"Restrict shared drives, separate matter folders clearly, review intern access, document external tool use, and define retention review for closed matters.",A closed matter is not a free parking lot for old personal data.,checklist|pdf,checklist,law firm privacy first fixes India matter folder access retention,27-Jul-26,assess,law-firms,checklist
126,20,Industry data reality,Real estate firms: what buyer seller tenant and lead data sits in the business,Property businesses handle high-volume identity and transaction-linked data.,"Lead forms, phone numbers, KYC documents, tenant records, seller details, site visit logs, agreement copies, and payment-linked communications all create a large data trail.",A property deal creates more personal data than most brokers realise.,linkedin|email,stat,real estate broker property firm personal data India KYC tenant lead,28-Jul-26,assess,real-estate,stat
127,20,Industry data reality,Real estate firms: where KYC site visits broker forms and agreement flows create data,Data enters through the full property journey.,"Enquiry calls, site visit bookings, WhatsApp sharing, KYC collection, broker notes, agreement drafts, token payment records, and tenant onboarding all create intake points.",The first data risk in real estate is usually informal sharing.,carousel,process,real estate data collection India site visits KYC agreements WhatsApp,29-Jul-26,assess,real-estate,explainer
128,20,Industry data reality,Real estate firms: who touches property lead and transaction data,Lead data moves across people quickly and informally.,"Brokers, channel partners, office admins, landlords, tenants, finance teams, legal drafters, and CRM tools may all touch the same file.",Every shared lead sheet is a privacy control test.,post,process,real estate data access India brokers channel partners landlords CRM,30-Jul-26,assess,real-estate,explainer
129,20,Industry data reality,Real estate firms: DPDPA touchpoints in brokerage and property operations,Brokerage workflows create repeated privacy exposure points.,"Notice touchpoints, client communication, KYC handling, correction requests, grievance contact, vendor exposure, and retention review all arise inside ordinary business.",Property sales may close in months but the data often stays for years.,email,checklist,real estate DPDPA brokerage workflow India KYC client communication,31-Jul-26,assess,real-estate,checklist
130,20,Industry data reality,Real estate firms: first data-discipline fixes for real estate firms,Control lead sharing and KYC sprawl first.,"Review who gets lead sheets, restrict document downloads, centralise agreement files, stop uncontrolled WhatsApp forwarding, and define data review for old prospects.",Real estate privacy discipline starts by shrinking the informal network.,checklist|pdf,checklist,real estate privacy first fixes India lead sharing KYC documents,1-Aug-26,assess,real-estate,checklist
131,21,Industry data reality,Hospitality businesses: what guest and booking data is handled,Hospitality firms collect identity and stay-linked data at scale.,"Guest names, phone numbers, email IDs, booking records, check-in details, invoices, support requests, loyalty data, and travel-linked information may all sit across systems.",Every booking creates both a stay record and a data trail.,linkedin|email,stat,hotel hospitality travel guest personal data India booking invoice loyalty,2-Aug-26,assess,hospitality,stat
132,21,Industry data reality,Hospitality businesses: where booking check-in OTA invoice and support data enters,Guest data enters through many channels not one front desk.,"Direct website bookings, OTAs, reception desks, ID collection, support calls, food orders, billing systems, and post-stay feedback all create flows.",Hospitality data starts online before the guest even walks in.,carousel,process,hotel hospitality data collection India OTA booking checkin invoice support,3-Aug-26,assess,hospitality,explainer
133,21,Industry data reality,Hospitality businesses: who touches guest records and travel-linked information,Guest records are touched by more roles than most guests see.,"Front desk teams, reservation staff, housekeeping coordinators, finance, travel partners, OTA-linked systems, support desks, and IT vendors may all access elements of the guest record.",A guest file should not become a staff-wide open book.,post,process,hotel hospitality guest data access India front desk OTA finance vendor,4-Aug-26,assess,hospitality,explainer
134,21,Industry data reality,Hospitality businesses: DPDPA touchpoints in booking and guest-service workflows,Guest service workflows create practical privacy duties.,"Notice touchpoints, identity handling, grievance contact, correction requests, secure sharing, vendor exposure, retention review, and incident response all matter.",The warmest guest experience still needs a disciplined back office.,email,checklist,hospitality DPDPA booking guest service workflow India,5-Aug-26,assess,hospitality,checklist
135,21,Industry data reality,Hospitality businesses: first data-discipline fixes for hospitality businesses,Fix guest record visibility and sharing first.,"Review who sees booking data, control ID copy access, document OTA and vendor flows, define retention review, and centralise guest communication records.",Good hospitality does not require loose data handling.,checklist|pdf,checklist,hotel hospitality privacy first fixes India guest records ID access,6-Aug-26,assess,hospitality,checklist
136,22,Industry data reality,Pharmacies: what prescription order and customer data is handled,Pharmacies hold customer data linked to medicine and fulfilment.,"Customer names, phone numbers, addresses, prescription uploads, medicine orders, delivery details, support chats, and repeat-order histories often sit in multiple systems.",A medicine order is also a personal data event.,linkedin|email,stat,pharmacy online pharmacy personal data India prescription order delivery,7-Aug-26,assess,pharmacies,stat
137,22,Industry data reality,Pharmacies: where medicine orders prescription uploads and delivery data enters,"Data enters through order, verification, and fulfilment flows.","Walk-in counters, websites, apps, WhatsApp orders, prescription uploads, call support, and delivery coordination all create data collection points.",Convenience ordering can quietly multiply privacy risk.,carousel,process,pharmacy data collection India prescription upload WhatsApp order delivery,8-Aug-26,assess,pharmacies,explainer
138,22,Industry data reality,Pharmacies: who touches pharmacy customer and prescription-linked data,Order fulfilment spreads data across teams and vendors.,"Pharmacists, cashiers, delivery staff, support teams, platform vendors, call centres, and tech providers may all access customer-linked records.",Every extra hand in the order chain needs a clear reason.,post,process,pharmacy customer data access India delivery support platform vendor,9-Aug-26,assess,pharmacies,explainer
139,22,Industry data reality,Pharmacies: DPDPA touchpoints in order fulfilment and support flows,Pharmacy workflows create specific data handling expectations.,"Notice touchpoints, prescription handling, customer communication, grievance contact, correction requests, vendor exposure, retention review, and incident planning all matter.",Pharmacy privacy risk often grows inside support and fulfilment not just at checkout.,email,checklist,pharmacy DPDPA order fulfilment support workflow India prescription handling,10-Aug-26,assess,pharmacies,checklist
140,22,Industry data reality,Pharmacies: first data-discipline fixes for pharmacies,Fix prescription visibility and order-sharing first.,"Restrict access to uploaded prescriptions, centralise order records, review delivery partner sharing, define retention review, and reduce informal messaging-based handling.",The safest pharmacy workflow is the one that leaves the fewest loose copies behind.,checklist|pdf,checklist,pharmacy privacy first fixes India prescription access delivery sharing,11-Aug-26,assess,pharmacies,checklist
141,23,Industry compliance touchpoints,NBFCs: notice touchpoints in loan onboarding and servicing flows,Notice must show up where customer data is actually collected and used.,"Lead forms, KYC intake, loan applications, repayment support, collections communication, and servicing channels all create points where the customer should understand what data is being collected and why.",A notice is useful only if it appears where the data enters the business.,linkedin|email,process,NBFC notice touchpoints India loan onboarding servicing DPDPA,12-Aug-26,fix,nbfc,explainer
142,23,Industry compliance touchpoints,NBFCs: data-use and customer communication touchpoints,Customer communication creates repeated data-handling moments.,"Application updates, repayment reminders, call-centre interactions, verification calls, and support tickets all involve use of personal data across internal teams and service partners.",Every customer communication trail is also a data-use trail.,carousel,process,NBFC customer communication data use India DPDPA,13-Aug-26,fix,nbfc,explainer
143,23,Industry compliance touchpoints,NBFCs: security safeguards and processor exposure,Loan businesses depend on tools and partners that expand exposure.,"LOS platforms, KYC vendors, call centres, collection partners, cloud tools, CRM systems, and analytics vendors may all handle borrower-linked personal data and therefore require disciplined control.",The bigger the processor chain the tighter the control chain must be.,post,checklist,NBFC security safeguards processor exposure India DPDPA vendor chain,14-Aug-26,fix,nbfc,checklist
144,23,Industry compliance touchpoints,NBFCs: rights grievance and response channels,Customers need a clear route for questions and complaints.,"A practical setup needs a published contact path, an internal escalation path, and a response rhythm for data-related concerns, correction requests, and grievance handling.",A grievance channel is not decoration. It is operating infrastructure.,email,checklist,NBFC rights grievance response channel India DPDPA customer requests,15-Aug-26,fix,nbfc,checklist
145,23,Industry compliance touchpoints,NBFCs: retention erasure and breach-response planning,Data should not sit forever without purpose review.,"Loan records, rejected applications, closed accounts, support logs, and archived communications all need structured review, while incident escalation should be defined before a problem occurs.",Old borrower data is still live risk if nobody reviews it.,checklist|pdf,timeline,NBFC retention erasure breach response India DPDPA loan data,16-Aug-26,fix,nbfc,playbook
146,24,Industry compliance touchpoints,Insurance brokers: notice touchpoints in lead proposal and servicing journeys,Insurance workflows collect data long before policy issuance.,"Lead forms, proposal intake, insurer communication, KYC, policy servicing, renewals, and claims support all create points where individuals should understand what data is being handled.",The proposal stage is already a privacy stage.,linkedin|email,process,insurance broker notice touchpoints India proposal servicing DPDPA,17-Aug-26,fix,insurance-brokers,explainer
147,24,Industry compliance touchpoints,Insurance brokers: data-use and communication touchpoints,Broker communication depends on personal data movement.,"Calls, proposal sharing, insurer coordination, renewal reminders, claims assistance, and CRM-based follow-ups create repeated personal data usage across parties.",A broker’s communication trail can be longer than the policy journey itself.,carousel,process,insurance broker data use communication India CRM renewal claims DPDPA,18-Aug-26,fix,insurance-brokers,explainer
148,24,Industry compliance touchpoints,Insurance brokers: security safeguards and processor exposure,Insurance distribution relies on multiple external systems and partners.,"CRM tools, insurer portals, proposal tools, email trails, agency systems, telecalling support, and third-party processors can all increase exposure if controls are weak.",Insurance data travels through more systems than the customer sees.,post,checklist,insurance broker security safeguards processor exposure India DPDPA,19-Aug-26,fix,insurance-brokers,checklist
149,24,Industry compliance touchpoints,Insurance brokers: rights grievance and customer response channels,Policyholders need a visible and workable escalation path.,"Questions about data handling, correction, communication preferences, and complaints should not disappear into sales follow-up. They need ownership and internal routing.",A visible response path builds more trust than a glossy brochure.,email,checklist,insurance broker rights grievance channel India DPDPA policyholder response,20-Aug-26,fix,insurance-brokers,checklist
150,24,Industry compliance touchpoints,Insurance brokers: retention erasure and breach-response planning,Proposal and servicing records need lifecycle discipline.,"Unissued proposals, old policy records, renewal databases, claim-support documents, and archived communications should not remain untouched indefinitely, and breach escalation needs named owners.",Insurance records age quietly but risk does not.,checklist|pdf,timeline,insurance broker retention erasure breach response India DPDPA,21-Aug-26,fix,insurance-brokers,playbook
151,25,Industry compliance touchpoints,Manufacturing firms: notice touchpoints in employee contractor visitor and vendor data,Manufacturing privacy touchpoints are often workforce and site-driven.,"Hiring forms, contractor onboarding, visitor logs, attendance systems, medical checks, transport records, and vendor interactions create recurring collection points.",A factory gate can be a data-collection point too.,linkedin|email,process,manufacturing employee contractor visitor data notice India DPDPA,22-Aug-26,fix,manufacturing,explainer
152,25,Industry compliance touchpoints,Manufacturing firms: data-use and internal movement touchpoints,Operational systems move workforce data across functions.,"HR, admin, security, plant operations, EHS teams, payroll, transport, and vendor management often share records across systems and spreadsheets.","In manufacturing, personal data often moves with operations not meetings.",carousel,process,manufacturing data movement India HR admin visitor contractor DPDPA,23-Aug-26,fix,manufacturing,explainer
153,25,Industry compliance touchpoints,Manufacturing firms: security safeguards and processor exposure,Industrial businesses often underestimate digital exposure in routine processes.,"Attendance vendors, payroll processors, security system providers, ERP users, facility contractors, and cloud storage tools can all sit in the exposure chain.","The plant may be physical, but the privacy risk is often digital.",post,checklist,manufacturing security safeguards processor exposure India DPDPA,24-Aug-26,fix,manufacturing,checklist
154,25,Industry compliance touchpoints,Manufacturing firms: rights grievance and workforce response channels,Employees and contractors need a functional response path.,"Data-related concerns should have a named contact, escalation owner, and handling path across HR, admin, security, and legal or compliance functions.",If nobody knows where to send the question the question becomes a risk.,email,checklist,manufacturing rights grievance workforce response India DPDPA,25-Aug-26,fix,manufacturing,checklist
155,25,Industry compliance touchpoints,Manufacturing firms: retention erasure and breach-response planning,"Visitor, employee, and contractor data needs review, not endless storage.","Old logs, contractor records, security extracts, medical records, and archived workforce files should be reviewed by purpose and need, while incident handling must be pre-defined.",Operational data becomes liability when it outlives its purpose.,checklist|pdf,timeline,manufacturing retention erasure breach response India workforce visitor data,26-Aug-26,fix,manufacturing,playbook
156,26,Industry compliance touchpoints,Logistics firms: notice touchpoints in driver shipment and workforce data,Logistics businesses collect data through movement and coordination.,"Driver onboarding, shipment records, tracking tools, customer service, warehouse access, delivery logs, and workforce management all create notice-relevant points.","In logistics, the route of data matters as much as the route of goods.",linkedin|email,process,logistics notice touchpoints India driver shipment workforce DPDPA,27-Aug-26,fix,logistics,explainer
157,26,Industry compliance touchpoints,Logistics firms: data-use and movement tracking touchpoints,Tracking systems create continuous data use.,"Dispatch updates, tracking dashboards, delivery confirmation, customer support, driver communication, and escalation calls all involve repeated processing of personal data.",A live tracking workflow is also a live data workflow.,carousel,process,logistics data use tracking touchpoints India delivery driver DPDPA,28-Aug-26,fix,logistics,explainer
158,26,Industry compliance touchpoints,Logistics firms: security safeguards and processor exposure,Logistics data flows through many systems and service providers.,"Fleet tools, tracking vendors, warehouse systems, customer portals, outsourced support teams, and contractor networks can all widen exposure.",Every logistics handoff can also be a data handoff.,post,checklist,logistics security safeguards processor exposure India fleet tracking vendor DPDPA,29-Aug-26,fix,logistics,checklist
159,26,Industry compliance touchpoints,Logistics firms: rights grievance and response channels,Customers and workers need a clear path for data-related concerns.,"Grievance handling should cover driver records, customer support issues, contact updates, and escalation ownership across ops and service teams.",A response channel is only real if operations knows how to use it.,email,checklist,logistics rights grievance response India DPDPA customer driver data,30-Aug-26,fix,logistics,checklist
160,26,Industry compliance touchpoints,Logistics firms: retention erasure and breach-response planning,Movement data can pile up quietly.,"Delivery records, driver files, support logs, customer updates, and archived tracking data need periodic review, while incident response must identify who acts first.",Tracking data left unchecked becomes historical risk with excellent detail.,checklist|pdf,timeline,logistics retention erasure breach response India tracking records DPDPA,31-Aug-26,fix,logistics,playbook
161,27,Industry compliance touchpoints,Retail chains: notice touchpoints in loyalty billing and support workflows,Retail privacy touchpoints start at the counter and continue after purchase.,"Loyalty enrolment, billing details, support tickets, return requests, invoice history, and customer communication channels create repeated notice moments.",The cash counter can also be a data collection desk.,linkedin|email,process,retail POS loyalty billing support data notice India DPDPA,1-Sep-26,fix,retail,explainer
162,27,Industry compliance touchpoints,Retail chains: data-use and customer communication touchpoints,Customer data is reused across service and marketing flows.,"SMS updates, loyalty communication, return handling, campaign lists, customer support, and store-level follow-up can all involve personal data reuse.",Retail data often moves farther than the sale itself.,carousel,process,retail customer communication data use India loyalty SMS support DPDPA,2-Sep-26,fix,retail,explainer
163,27,Industry compliance touchpoints,Retail chains: security safeguards and processor exposure,Retail systems depend on multiple processors and frontline access.,"POS vendors, CRM tools, loyalty providers, payment-linked systems, franchise operators, and customer support partners may all expand exposure.",Frontline convenience needs backend control.,post,checklist,retail security safeguards processor exposure India POS CRM loyalty DPDPA,3-Sep-26,fix,retail,checklist
164,27,Industry compliance touchpoints,Retail chains: rights grievance and customer response channels,Store and central teams both need response discipline.,"Data-related complaints, correction requests, and support issues should not get lost between stores, CRM teams, and call centres.",Customers notice when the store and the system tell different stories.,email,checklist,retail rights grievance response channel India DPDPA stores CRM,4-Sep-26,fix,retail,checklist
165,27,Industry compliance touchpoints,Retail chains: retention erasure and breach-response planning,Loyalty and support records need periodic review.,"Old member databases, purchase-linked support logs, return records, and archived customer extracts should be reviewed, while incident escalation must be defined across store and head-office teams.",A retail database ages faster than most retailers think.,checklist|pdf,timeline,retail retention erasure breach response India loyalty customer records,5-Sep-26,fix,retail,playbook
166,28,Industry compliance touchpoints,Restaurants and cloud kitchens: notice touchpoints in ordering delivery and feedback flows,Food businesses collect data across ordering and fulfilment channels.,"Ordering apps, direct calls, dine-in systems, delivery platforms, feedback forms, billing data, and support channels all create moments where personal data is collected or used.",An order ticket can carry more personal data than the kitchen realises.,linkedin|email,process,restaurant cloud kitchen notice touchpoints India order delivery feedback DPDPA,6-Sep-26,fix,restaurants,explainer
167,28,Industry compliance touchpoints,Restaurants and cloud kitchens: data-use and customer communication touchpoints,Customer contact data fuels fulfilment and repeat business.,"Order updates, delivery coordination, complaint handling, feedback requests, offers, and repeat-order nudges all depend on personal data movement.","In food delivery, speed often outruns discipline.",carousel,process,restaurant cloud kitchen data use communication India delivery marketing DPDPA,7-Sep-26,fix,restaurants,explainer
168,28,Industry compliance touchpoints,Restaurants and cloud kitchens: security safeguards and processor exposure,Food-tech operations rely on many external systems.,"Delivery apps, POS tools, CRM systems, franchise models, support vendors, and payment-linked processors can all widen the exposure chain.",The more platforms in the order flow the more privacy discipline you need.,post,checklist,restaurant cloud kitchen security safeguards processor exposure India DPDPA,8-Sep-26,fix,restaurants,checklist
169,28,Industry compliance touchpoints,Restaurants and cloud kitchens: rights grievance and customer response channels,"Customer concerns need one clear path, not platform confusion.","Data-related questions, contact updates, and complaints can arise through stores, apps, support teams, or aggregator-linked channels and need coordination.",Support confusion becomes trust damage very quickly in food businesses.,email,checklist,restaurant cloud kitchen rights grievance response India DPDPA,9-Sep-26,fix,restaurants,checklist
170,28,Industry compliance touchpoints,Restaurants and cloud kitchens: retention erasure and breach-response planning,Order history and contact records need review.,"Archived order databases, support logs, campaign lists, feedback records, and delivery-linked extracts should be reviewed by purpose, while breach response must be rehearsed.",Old order data is not harmless just because dinner is over.,checklist|pdf,timeline,restaurant cloud kitchen retention erasure breach response India DPDPA,10-Sep-26,fix,restaurants,playbook
171,29,Industry compliance touchpoints,Fitness and wellness: notice touchpoints in membership and booking flows,Membership businesses collect more personal data than many owners expect.,"Joining forms, app registrations, trainer bookings, health-linked disclosures, attendance systems, payment records, and support interactions all create notice touchpoints.",A membership form is often the first privacy contract in the business.,linkedin|email,process,fitness wellness salon membership booking notice India DPDPA,11-Sep-26,fix,fitness-wellness,explainer
172,29,Industry compliance touchpoints,Fitness and wellness: data-use and communication touchpoints,Service communication can become broad data reuse.,"Class reminders, trainer updates, renewal messages, offers, attendance tracking, and member support all use personal data across teams and tools.",Wellness communication needs discipline as much as warmth.,carousel,process,fitness wellness customer communication data use India DPDPA,12-Sep-26,fix,fitness-wellness,explainer
173,29,Industry compliance touchpoints,Fitness and wellness: security safeguards and processor exposure,Gym and wellness data often sits across apps and local teams.,"Booking tools, trainer apps, membership software, reception systems, franchise operators, and outsourced support may all expand exposure.",A boutique service can still have enterprise-style data sprawl.,post,checklist,fitness wellness security safeguards processor exposure India DPDPA,13-Sep-26,fix,fitness-wellness,checklist
174,29,Industry compliance touchpoints,Fitness and wellness: rights grievance and customer response channels,Members need a visible and simple response route.,"Questions about stored details, support complaints, communication preferences, and correction requests should not disappear between trainers and front desk teams.","The smoother the member experience, the clearer the response path should be.",email,checklist,fitness wellness rights grievance response India DPDPA,14-Sep-26,fix,fitness-wellness,checklist
175,29,Industry compliance touchpoints,Fitness and wellness: retention erasure and breach-response planning,Inactive member records often sit too long.,"Old member files, booking histories, app data, trainer notes, and support interactions should be reviewed, while incident escalation needs named roles.",An expired membership should not mean endless storage.,checklist|pdf,timeline,fitness wellness retention erasure breach response India DPDPA,15-Sep-26,fix,fitness-wellness,playbook
176,30,Industry compliance touchpoints,IT services and SaaS startups: notice touchpoints in onboarding product use and support,Digital businesses collect and use data continuously.,"Account creation, admin onboarding, support tickets, usage forms, contact updates, demos, and product communication all create notice-relevant points.","In SaaS, notice is not a one-page event. It is a product journey issue.",linkedin|email,process,IT services SaaS notice touchpoints India onboarding product support DPDPA,16-Sep-26,fix,it-saas,explainer
177,30,Industry compliance touchpoints,IT services and SaaS startups: data-use and product communication touchpoints,Product operations depend on repeated data handling.,"Usage communication, account management, support, analytics-linked workflows, incident tickets, training sessions, and customer success notes all involve personal data use.",A fast-moving product team can create privacy drift without noticing it.,carousel,process,SaaS data use communication India support analytics DPDPA,17-Sep-26,fix,it-saas,explainer
178,30,Industry compliance touchpoints,IT services and SaaS startups: security safeguards and processor exposure,Cloud-native businesses depend on layered processor chains.,"Hosting providers, support tools, analytics vendors, CRM systems, chat tools, contractors, and developer access patterns can all expand exposure.",Cloud scale does not excuse access sprawl.,post,checklist,SaaS security safeguards processor exposure India cloud vendor access DPDPA,18-Sep-26,fix,it-saas,checklist
179,30,Industry compliance touchpoints,IT services and SaaS startups: rights grievance and user response channels,User trust depends on a working response system.,"Data-related queries, correction requests, account issues, and complaints should have a clear route across product, support, and operations teams.",A helpdesk without ownership becomes a privacy sinkhole.,email,checklist,SaaS rights grievance response India DPDPA user support,19-Sep-26,fix,it-saas,checklist
180,30,Industry compliance touchpoints,IT services and SaaS startups: retention erasure and breach-response planning,Product and support data needs structured lifecycle review.,"Inactive accounts, support archives, exported user data, admin backups, and integration logs should be reviewed, while breach escalation must be tested not assumed.",Digital businesses generate data faster than they delete it.,checklist|pdf,timeline,SaaS retention erasure breach response India user account data DPDPA,20-Sep-26,fix,it-saas,playbook
181,31,Industry compliance touchpoints,Marketing agencies: notice touchpoints in campaign and lead workflows,Agencies often collect and use data on behalf of clients.,"Lead forms, campaign landing pages, ad-platform syncs, CRM uploads, event registrations, and nurture flows all create touchpoints where clarity matters.",The landing page is often the first compliance moment in the campaign.,linkedin|email,process,marketing agency notice touchpoints India lead campaign DPDPA,21-Sep-26,fix,marketing-agencies,explainer
182,31,Industry compliance touchpoints,Marketing agencies: data-use and client communication touchpoints,Agencies reuse and move lead data across multiple systems.,"List uploads, retargeting, reporting dashboards, performance calls, list cleaning, and tool-to-tool movement all involve data handling that should be disciplined.",Marketing data moves fastest when nobody slows it down to ask why.,carousel,process,marketing agency data use client communication India CRM ads DPDPA,22-Sep-26,fix,marketing-agencies,explainer
183,31,Industry compliance touchpoints,Marketing agencies: security safeguards and processor exposure,Agency stacks can become processor jungles.,"Ad tools, CRM platforms, landing-page builders, email systems, freelancers, analytics tools, and client-shared folders all widen exposure.",An agency’s real privacy risk often lives in its tool stack.,post,checklist,marketing agency security safeguards processor exposure India DPDPA,23-Sep-26,fix,marketing-agencies,checklist
184,31,Industry compliance touchpoints,Marketing agencies: rights grievance and user response channels,Lead complaints should not bounce between client and agency.,"Data-related concerns, unsubscribe confusion, contact corrections, and support escalations need a defined handling model between the agency and the brand.",Shared responsibility needs clear routing or everyone points at everyone.,email,checklist,marketing agency rights grievance response India DPDPA client agency,24-Sep-26,fix,marketing-agencies,checklist
185,31,Industry compliance touchpoints,Marketing agencies: retention erasure and breach-response planning,Old campaign data often lingers long after the campaign is over.,"Archived leads, historical dashboards, test lists, agency-side exports, and old client folders should be reviewed, while incident paths must include client notification discipline.",When the campaign ends the data question does not end automatically.,checklist|pdf,timeline,marketing agency retention erasure breach response India DPDPA,25-Sep-26,fix,marketing-agencies,playbook
186,32,Industry compliance touchpoints,Consultancies and BPOs: notice touchpoints in client delivery and staffing flows,"Service businesses collect data through delivery, staffing, and operations.","Client onboarding, project staffing, timesheets, support interactions, candidate records, admin workflows, and communication channels all create notice-relevant points.",Service delivery often hides more data collection than sales.,linkedin|email,process,consultancy BPO notice touchpoints India staffing delivery DPDPA,26-Sep-26,fix,consultancies-bpo,explainer
187,32,Industry compliance touchpoints,Consultancies and BPOs: data-use and communication touchpoints,People-heavy service models move personal data constantly.,"Client updates, staffing emails, project trackers, timesheet systems, vendor coordination, performance reviews, and support tickets all involve repeated use.",In service businesses the workflow is the data flow.,carousel,process,consultancy BPO data use communication India staffing project tracker DPDPA,27-Sep-26,fix,consultancies-bpo,explainer
188,32,Industry compliance touchpoints,Consultancies and BPOs: security safeguards and processor exposure,Service firms rely on layered access across people and tools.,"Timesheet tools, HR systems, client folders, project platforms, subcontractors, freelancers, and cloud collaboration stacks can all widen exposure.",The more delivery hands you add the more control you must add.,post,checklist,consultancy BPO security safeguards processor exposure India DPDPA,28-Sep-26,fix,consultancies-bpo,checklist
189,32,Industry compliance touchpoints,Consultancies and BPOs: rights grievance and response channels,Employees clients and candidates all need a clear path.,"Data-related concerns should have routing across HR, client delivery, operations, and leadership instead of sitting inside inbox chains.",A response channel is only useful if teams know whose job it is.,email,checklist,consultancy BPO rights grievance response India DPDPA,29-Sep-26,fix,consultancies-bpo,checklist
190,32,Industry compliance touchpoints,Consultancies and BPOs: retention erasure and breach-response planning,Project data and people data need separate review discipline.,"Old project folders, candidate databases, staffing records, support logs, and archived client extracts should be reviewed by purpose, with breach roles defined across ops and leadership.",Service archives become silent risk when nobody owns review.,checklist|pdf,timeline,consultancy BPO retention erasure breach response India DPDPA,30-Sep-26,fix,consultancies-bpo,playbook
191,33,Industry response packs,Hospitals and healthcare groups: notice checklist for patient and attendant data,Healthcare notices must match real patient-facing collection points.,"Registration desks, appointment forms, admission paperwork, diagnostic intake, billing counters, patient apps, and report delivery channels all collect personal data and need clear, usable notice language.",A hospital notice should meet the patient where the data begins.,checklist|pdf,checklist,hospital patient data notice checklist India DPDPA registration billing report delivery,1-Oct-26,sustain,hospitals,checklist
192,33,Industry response packs,Hospitals and healthcare groups: rights and grievance response path,Patients need a visible route for data-related concerns.,"Questions about records, corrections, communication, complaints, and grievance escalation should move through a documented path across front office, admin, compliance, and leadership.",Trust rises when the complaint path is clear before the complaint arrives.,email|post,process,hospital patient rights grievance response India DPDPA healthcare workflow,2-Oct-26,sustain,hospitals,playbook
193,33,Industry response packs,Hospitals and healthcare groups: internal ownership matrix,Healthcare privacy needs clear role split across medical and admin teams.,"Define who owns registration data, report access, billing records, patient communication, vendor access, grievance handling, and incident escalation.",A hospital cannot protect data with a job title called everyone.,template|pdf,process,hospital data ownership matrix India DPDPA roles admin clinical billing IT,3-Oct-26,sustain,hospitals,playbook
194,33,Industry response packs,Hospitals and healthcare groups: vendor and processor review checklist,Healthcare vendors can widen patient-data exposure fast.,"Lab software vendors, hospital systems, billing processors, report delivery tools, cloud storage, outsourced support, and collection partners should be reviewed through one standard checklist.",Every healthcare vendor touching patient data should pass one serious question: why do they need it.,checklist|post,checklist,hospital vendor processor review checklist India DPDPA patient data,4-Oct-26,sustain,hospitals,checklist
195,33,Industry response packs,Hospitals and healthcare groups: breach-response mini playbook,Healthcare incidents need speed and structure.,"Define what counts as an incident, who spots it, who escalates it, who investigates it, who communicates internally, and who owns external response steps.",In healthcare a delayed response can damage trust twice: once in the incident and once in the silence.,pdf|email,process,hospital data breach response playbook India DPDPA healthcare incident,5-Oct-26,sustain,hospitals,playbook
196,34,Industry response packs,Edtech and online learning: notice checklist for student parent and learner data,Edtech notices must cover the full learner journey.,"Signup forms, parent onboarding, demo classes, fee payment, learning platforms, doubt support, recordings, and communication channels all create notice points that should be explained clearly.",A learner journey without a clear notice becomes a silent data trail.,checklist|pdf,checklist,edtech student parent data notice checklist India DPDPA learning platform,6-Oct-26,sustain,edtech,checklist
197,34,Industry response packs,Edtech and online learning: rights and grievance response path,Student and parent concerns need one clean response lane.,"Correction requests, access questions, communication complaints, and data-related grievances should not bounce between support, academics, and admin.",The best grievance path is the one parents do not have to chase.,email|post,process,edtech rights grievance response India DPDPA parent student requests,7-Oct-26,sustain,edtech,playbook
198,34,Industry response packs,Edtech and online learning: internal ownership matrix,Learning businesses need role clarity across growth and delivery teams.,"Define ownership across admissions, product, academic support, marketing, finance, parent communication, vendor access, and incident escalation.",In edtech the data owner is usually hidden between product and operations.,template|pdf,process,edtech ownership matrix India DPDPA student data roles marketing product support,8-Oct-26,sustain,edtech,playbook
199,34,Industry response packs,Edtech and online learning: vendor and processor review checklist,Learning platforms depend on many processors.,"LMS providers, video tools, CRM systems, payment providers, WhatsApp tools, analytics platforms, and support vendors should be reviewed consistently.",A modern edtech stack can become a data maze unless vendors are checked one by one.,checklist|post,checklist,edtech vendor processor review checklist India DPDPA LMS analytics payment,9-Oct-26,sustain,edtech,checklist
200,34,Industry response packs,Edtech and online learning: breach-response mini playbook,Edtech incidents affect trust across parents and learners quickly.,"Build a simple escalation map covering platform access issues, exposed learner records, communication mistakes, vendor-linked issues, and support-team errors.","When student data is exposed, confusion is not a neutral response.",pdf|email,process,edtech data breach response playbook India DPDPA learner records,10-Oct-26,sustain,edtech,playbook
201,35,Industry response packs,Marketplaces and platform businesses: notice checklist for buyer seller and support data,Platform notices must reflect multi-sided data collection reality.,"Buyer signup, seller onboarding, support tickets, order workflows, payments support, ratings, dispute handling, and communication tools all create separate notice-relevant moments.","A marketplace notice must speak to every side of the market, not just the buyer.",checklist|pdf,checklist,marketplace buyer seller data notice checklist India DPDPA platform business,11-Oct-26,sustain,marketplaces,checklist
202,35,Industry response packs,Marketplaces and platform businesses: rights and grievance response path,Platforms need a response path that works across users and support teams.,"Data-related questions, profile corrections, communication complaints, and grievance escalation should be routed through defined teams and tracked properly.",A platform without a response map eventually trains users to distrust support.,email|post,process,marketplace rights grievance response India DPDPA buyer seller support,12-Oct-26,sustain,marketplaces,playbook
203,35,Industry response packs,Marketplaces and platform businesses: internal ownership matrix,Platform businesses need role clarity across product operations and support.,"Assign ownership for onboarding data, support data, seller records, communication logs, vendor access, grievance handling, and incident escalation.",The fastest-growing platform problem is not scale. It is unclear ownership at scale.,template|pdf,process,marketplace ownership matrix India DPDPA product ops support seller data,13-Oct-26,sustain,marketplaces,playbook
204,35,Industry response packs,Marketplaces and platform businesses: vendor and processor review checklist,Platforms depend on layered service providers.,"Hosting, chat tools, payment support providers, fraud tools, CRM systems, analytics vendors, and outsourced support teams should be reviewed through one consistent lens.",Every processor added to a platform is another trust surface.,checklist|post,checklist,marketplace vendor processor review checklist India DPDPA platform tools,14-Oct-26,sustain,marketplaces,checklist
205,35,Industry response packs,Marketplaces and platform businesses: breach-response mini playbook,Platform incidents move fast because users notice fast.,"Define first-response roles for exposed account data, support mistakes, seller-side leaks, communication issues, and vendor-linked incidents.",A platform incident grows in public faster than it grows in the backend log.,pdf|email,process,marketplace data breach response playbook India DPDPA platform incident,15-Oct-26,sustain,marketplaces,playbook
206,36,Industry response packs,Housing societies and proptech: notice checklist for resident and visitor data,Resident-facing notices must cover real society data flows.,"Visitor logs, resident registrations, staff records, payment apps, parking systems, complaint desks, and communication groups all collect personal data that should be explained plainly.",A society app is not just a convenience tool. It is a data system.,checklist|pdf,checklist,housing society proptech resident visitor data notice checklist India DPDPA,16-Oct-26,sustain,housing-proptech,checklist
207,36,Industry response packs,Housing societies and proptech: rights and grievance response path,Residents need a predictable route for data concerns.,"Questions about app records, visitor logs, communication groups, profile details, and grievances should move through a documented contact and escalation path.",People trust housing systems more when the complaint path is visible.,email|post,process,housing society proptech rights grievance response India DPDPA resident data,17-Oct-26,sustain,housing-proptech,playbook
208,36,Industry response packs,Housing societies and proptech: internal ownership matrix,"Society data often falls between committee, admin, and vendor teams.","Define ownership across resident records, visitor logs, facility systems, communication channels, vendor access, grievance handling, and incident escalation.",Shared buildings often create shared confusion unless ownership is written down.,template|pdf,process,housing society proptech ownership matrix India DPDPA resident visitor app data,18-Oct-26,sustain,housing-proptech,playbook
209,36,Industry response packs,Housing societies and proptech: vendor and processor review checklist,Society apps and facility vendors can expand exposure quickly.,"Visitor-management vendors, payment tools, app providers, CCTV-linked service vendors, communication tools, and maintenance contractors should be reviewed with one checklist.",A society should know exactly which vendor can see which resident data.,checklist|post,checklist,housing society proptech vendor processor review checklist India DPDPA,19-Oct-26,sustain,housing-proptech,checklist
210,36,Industry response packs,Housing societies and proptech: breach-response mini playbook,Resident trust depends on fast structured handling of data issues.,"Define escalation for exposed resident records, visitor-log errors, app misconfiguration, communication mistakes, and vendor-linked incidents.","When community data leaks, rumours travel faster than explanations.",pdf|email,process,housing society proptech data breach response playbook India DPDPA,20-Oct-26,sustain,housing-proptech,playbook
211,37,Industry response packs,Auto dealers and service centres: notice checklist for customer and vehicle-service data,Auto businesses need notices tied to booking and service workflows.,"Test-drive forms, service bookings, vehicle pickup, invoices, support calls, feedback requests, and loyalty communication all create notice touchpoints.",A service centre collects more customer data than the service card shows.,checklist|pdf,checklist,auto dealer service centre customer data notice checklist India DPDPA,21-Oct-26,sustain,auto-dealers,checklist
212,37,Industry response packs,Auto dealers and service centres: rights and grievance response path,Service customers need one clear route for data questions and complaints.,"Profile corrections, communication issues, support grievances, booking mistakes, and service-linked complaints should not vanish between workshop and front office teams.",A workshop can fix a vehicle faster than a broken response path unless the process is designed.,email|post,process,auto dealer service centre rights grievance response India DPDPA,22-Oct-26,sustain,auto-dealers,playbook
213,37,Industry response packs,Auto dealers and service centres: internal ownership matrix,Customer-data handling spans sales service and support teams.,"Define ownership across enquiry forms, booking data, service history, CRM records, communication logs, vendor access, and incident escalation.",The customer record should not get lost between showroom and service bay.,template|pdf,process,auto dealer service centre ownership matrix India DPDPA customer service data,23-Oct-26,sustain,auto-dealers,playbook
214,37,Industry response packs,Auto dealers and service centres: vendor and processor review checklist,Auto businesses use many service and communication vendors.,"CRM tools, booking tools, insurer-linked systems, RSA partners, call centres, and workshop software vendors should be reviewed on one standard sheet.",Every service partner with customer access should have a reason and a review.,checklist|post,checklist,auto dealer service centre vendor processor review checklist India DPDPA,24-Oct-26,sustain,auto-dealers,checklist
215,37,Industry response packs,Auto dealers and service centres: breach-response mini playbook,Service data issues need immediate operational containment.,"Define who handles exposed customer records, misdirected service messages, vendor mistakes, booking-system issues, and support-team escalations.",Customers may forgive a delay in service. They rarely forgive silence on data mishandling.,pdf|email,process,auto dealer service centre data breach response playbook India DPDPA,25-Oct-26,sustain,auto-dealers,playbook
216,38,Industry response packs,NGOs and member networks: notice checklist for donor beneficiary volunteer and staff data,Non-profits need notices that reflect multiple relationship types.,"Donation forms, beneficiary intake, volunteer onboarding, event registrations, payroll files, and community communication all create different notice points.",A donation form can carry as much privacy duty as a sales form.,checklist|pdf,checklist,NGO donor beneficiary volunteer data notice checklist India DPDPA,26-Oct-26,sustain,ngos,checklist
217,38,Industry response packs,NGOs and member networks: rights and grievance response path,Community trust depends on a humane and clear response route.,"Data-related concerns from donors, beneficiaries, volunteers, or staff should have a visible path for response, escalation, and closure.","In mission-led organisations, trust can be lost through process failure not intention.",email|post,process,NGO rights grievance response India DPDPA donor beneficiary volunteer,27-Oct-26,sustain,ngos,playbook
218,38,Industry response packs,NGOs and member networks: internal ownership matrix,Non-profits need ownership across programs and admin.,"Define who owns donor records, beneficiary files, volunteer data, communication lists, vendor access, grievance handling, and incident escalation.",A cause does not remove the need for clean ownership.,template|pdf,process,NGO ownership matrix India DPDPA donor beneficiary volunteer data,28-Oct-26,sustain,ngos,playbook
219,38,Industry response packs,NGOs and member networks: vendor and processor review checklist,NGOs often rely on lean but broad vendor stacks.,"Fundraising tools, event systems, CRMs, payroll vendors, communication platforms, and external agencies should be reviewed through one checklist.","Small teams need sharper vendor discipline, not less of it.",checklist|post,checklist,NGO vendor processor review checklist India DPDPA fundraising CRM communication,29-Oct-26,sustain,ngos,checklist
220,38,Industry response packs,NGOs and member networks: breach-response mini playbook,Non-profit incidents can damage mission trust quickly.,"Build a response path for exposed donor lists, beneficiary records, volunteer files, event data, and vendor-linked issues.","When a mission-led organisation mishandles data, credibility takes the first hit.",pdf|email,process,NGO data breach response playbook India DPDPA donor beneficiary data,30-Oct-26,sustain,ngos,playbook
221,39,Industry response packs,Media and community platforms: notice checklist for subscriber and user data,"Media businesses need notices across signup, content, and community interaction.","Newsletter signups, subscriptions, comments, community features, support tickets, event registrations, and campaign tools all create notice points.",A subscriber list is not just an audience asset. It is a trust asset.,checklist|pdf,checklist,media community platform subscriber data notice checklist India DPDPA,31-Oct-26,sustain,media-community,checklist
222,39,Industry response packs,Media and community platforms: rights and grievance response path,User trust depends on clear response handling.,"Questions about account data, communication preferences, community moderation, corrections, and grievances should have one visible path instead of scattered inboxes.",A community feels safer when the response route is visible.,email|post,process,media community platform rights grievance response India DPDPA subscriber user data,1-Nov-26,sustain,media-community,playbook
223,39,Industry response packs,Media and community platforms: internal ownership matrix,Media teams need clear role splits across editorial growth and product.,"Define ownership across subscriber data, event data, community tools, communication logs, vendor access, grievance handling, and incident escalation.",Audience trust falls fastest when nobody owns the backend mess.,template|pdf,process,media community platform ownership matrix India DPDPA editorial product growth,2-Nov-26,sustain,media-community,playbook
224,39,Industry response packs,Media and community platforms: vendor and processor review checklist,Media businesses often run on a stacked tool ecosystem.,"Email platforms, paywall tools, analytics vendors, community tools, event systems, ad-tech tools, and support vendors should be reviewed consistently.",Your content stack is also a data stack.,checklist|post,checklist,media community platform vendor processor review checklist India DPDPA,3-Nov-26,sustain,media-community,checklist
225,39,Industry response packs,Media and community platforms: breach-response mini playbook,Subscriber and community issues need fast communication discipline.,"Prepare response roles for exposed subscriber data, community-platform issues, event-data mistakes, communication failures, and vendor-linked incidents.","When audience trust breaks, good content cannot repair it alone.",pdf|email,process,media community platform data breach response playbook India DPDPA,4-Nov-26,sustain,media-community,playbook
226,40,Industry response packs,Travel tech and booking platforms: notice checklist for traveller and booking data,Travel businesses collect data across search booking and support journeys.,"Traveller profiles, booking forms, itinerary support, cancellations, refunds, feedback, and partner communication all create notice-relevant collection moments.",A booking engine is also a data engine.,checklist|pdf,checklist,travel tech booking platform traveller data notice checklist India DPDPA,5-Nov-26,sustain,travel-tech,checklist
227,40,Industry response packs,Travel tech and booking platforms: rights and grievance response path,Travellers need a response route that survives trip complexity.,"Data-related concerns, corrections, support issues, booking complaints, and escalation requests should have one clean path across support and operations.",A travel problem becomes a trust problem when support cannot route it properly.,email|post,process,travel tech booking rights grievance response India DPDPA traveller support,6-Nov-26,sustain,travel-tech,playbook
228,40,Industry response packs,Travel tech and booking platforms: internal ownership matrix,Travel platforms need clarity across operations support and product.,"Define ownership for traveller records, booking logs, support conversations, partner data sharing, vendor access, grievance handling, and incident escalation.","The booking may be automated, but accountability cannot be.",template|pdf,process,travel tech booking ownership matrix India DPDPA traveller booking support,7-Nov-26,sustain,travel-tech,playbook
229,40,Industry response packs,Travel tech and booking platforms: vendor and processor review checklist,Travel platforms rely on many external partners and systems.,"Payment tools, booking engines, support vendors, CRM platforms, partner APIs, communication tools, and analytics providers should be reviewed through one standard checklist.",Every partner integration is also a trust integration.,checklist|post,checklist,travel tech booking vendor processor review checklist India DPDPA,8-Nov-26,sustain,travel-tech,checklist
230,40,Industry response packs,Travel tech and booking platforms: breach-response mini playbook,Travel incidents need clear escalation across support and operations.,"Define first actions for exposed traveller records, booking-support mistakes, partner-side issues, communication failures, and system misconfigurations.",A broken itinerary is stressful. A broken data response makes it worse.,pdf|email,process,travel tech booking data breach response playbook India DPDPA,9-Nov-26,sustain,travel-tech,playbook
231,41,Industry response packs,Fintech and payments-adjacent SMEs: notice checklist for customer and transaction-support data,Fintech notices must reflect product and support workflows together.,"Account opening, KYC support, onboarding help, transaction support, service communication, complaint channels, and partner-linked flows all create notice points.",In fintech the notice must follow the money and the support journey.,checklist|pdf,checklist,fintech payments customer data notice checklist India DPDPA onboarding support,10-Nov-26,sustain,fintech,checklist
232,41,Industry response packs,Fintech and payments-adjacent SMEs: rights and grievance response path,Financial trust depends on a strong response path.,"Data-related questions, account-detail corrections, communication concerns, support grievances, and escalation requests need structured routing.",A finance user notices response quality faster than policy language.,email|post,process,fintech payments rights grievance response India DPDPA customer support,11-Nov-26,sustain,fintech,playbook
233,41,Industry response packs,Fintech and payments-adjacent SMEs: internal ownership matrix,Fintech privacy needs role clarity across compliance product ops and support.,"Assign ownership for onboarding data, support logs, communication records, partner access, grievance handling, and incident escalation.",Good controls fail when accountability is fuzzy.,template|pdf,process,fintech payments ownership matrix India DPDPA compliance support product,12-Nov-26,sustain,fintech,playbook
234,41,Industry response packs,Fintech and payments-adjacent SMEs: vendor and processor review checklist,Fintech ecosystems rely on multiple processors and service partners.,"KYC tools, support vendors, hosting providers, CRM systems, communication tools, analytics providers, and outsourced service teams should be reviewed with one checklist.",Every payments-adjacent vendor should be able to justify its access in one sentence.,checklist|post,checklist,fintech payments vendor processor review checklist India DPDPA,13-Nov-26,sustain,fintech,checklist
235,41,Industry response packs,Fintech and payments-adjacent SMEs: breach-response mini playbook,Financial-data incidents need precision not improvisation.,"Build a response flow for exposed onboarding data, support-team errors, communication issues, partner-linked incidents, and internal escalation.","In fintech speed matters, but clean escalation matters more.",pdf|email,process,fintech payments data breach response playbook India DPDPA,14-Nov-26,sustain,fintech,playbook
236,42,Industry response packs,Multi-location service businesses: notice checklist across branches and central teams,Branch-led businesses need one notice approach across many collection points.,"Front desks, field teams, booking systems, billing, support desks, local WhatsApp channels, and central CRM tools all collect personal data and should follow a consistent notice model.",Consistency becomes compliance when branches stop inventing their own process.,checklist|pdf,checklist,multi location service business notice checklist India DPDPA branches CRM support,15-Nov-26,sustain,multi-location,checklist
237,42,Industry response packs,Multi-location service businesses: rights and grievance response path,Customers should not have to guess whether branch or head office owns the response.,"Data questions, support complaints, communication issues, and grievance escalation need a single route even if the data started at branch level.",The best branch experience still fails if response ownership is split badly.,email|post,process,multi location service business rights grievance response India DPDPA,16-Nov-26,sustain,multi-location,playbook
238,42,Industry response packs,Multi-location service businesses: internal ownership matrix,Multi-location businesses need branch and central accountability defined.,"Split ownership across collection points, local access, central systems, support records, vendor access, grievance handling, and incident escalation.",Scale without ownership is just organised confusion.,template|pdf,process,multi location service business ownership matrix India DPDPA branch central roles,17-Nov-26,sustain,multi-location,playbook
239,42,Industry response packs,Multi-location service businesses: vendor and processor review checklist,Multi-location operations often create layered vendor access.,"Local software vendors, central CRM tools, support providers, branch-level agencies, communication tools, and outsourced service partners should be reviewed under one standard checklist.",Branches multiply risk faster than they multiply policy discipline.,checklist|post,checklist,multi location service business vendor processor review checklist India DPDPA,18-Nov-26,sustain,multi-location,checklist
240,42,Industry response packs,Multi-location service businesses: breach-response mini playbook,Branch-level incidents need central control and local speed.,"Define who acts when branch records are exposed, local teams mis-send data, vendor-linked issues arise, or support errors affect customers across locations.",A distributed business needs one response spine even if the incident starts in one branch.,pdf|email,process,multi location service business data breach response playbook India DPDPA,19-Nov-26,sustain,multi-location,playbook
